start_utc,end_utc,minutes,max_layers,max_capital_proxy_usd,worst_spot_low,min_index_low_edge_proxy_bp,max_index_close_edge_proxy_bp
2026-01-06 17:40:00,2026-01-06 17:41:00,2,1,2000,92010.03,9.73612426369952,21.400304535090786
2026-01-12 17:32:00,2026-01-12 17:32:00,1,1,2000,91136.67,0.23679918152996748,4.649350410366182
2026-01-13 13:33:00,2026-01-13 13:33:00,1,1,2000,92115.2,-2.98896675692939,0.6240326604611823
2026-01-13 22:11:00,2026-01-13 22:11:00,1,1,2000,95306.86,-0.505389325526906,-0.505389325526906
2026-01-18 23:46:00,2026-01-18 23:46:00,1,1,2000,93928.0,-13.72287474209366,5.555177806335632
2026-01-19 00:01:00,2026-01-19 00:03:00,3,3,6000,91910.2,2.192029872674084,90.53522410273685
2026-01-19 00:20:00,2026-01-19 00:20:00,1,1,2000,92354.63,-1.9563017232537838,-0.3311708399533764
2026-01-19 00:30:00,2026-01-19 00:30:00,1,1,2000,92269.55,4.74804496666037,13.63980384192498
2026-01-20 22:33:00,2026-01-20 22:33:00,1,5,10000,87900.0,-75.77646697963125,-60.558298579768135
2026-01-21 16:40:00,2026-01-21 16:40:00,1,1,2000,88432.06,-5.3365141104577685,-3.6433313474038
2026-01-21 16:56:00,2026-01-21 16:56:00,1,1,2000,87693.0,-2.8694524242633968,9.393609282706272
2026-01-21 19:51:00,2026-01-21 19:51:00,1,1,2000,89900.0,-7.686342732918794,-5.135385617338617
2026-01-25 18:44:00,2026-01-25 18:44:00,1,1,2000,86827.1,-3.3207112199307165,7.385825894965503
2026-01-25 19:20:00,2026-01-25 19:20:00,1,1,2000,86622.45,-6.406533100867806,4.552982018970475
2026-01-25 19:53:00,2026-01-25 19:53:00,1,1,2000,86194.85,6.15173998904428,14.441839220926678
2026-01-26 15:40:00,2026-01-26 15:40:00,1,1,2000,87728.95,1.0248520530620198,2.265148990703292
2026-01-28 18:00:00,2026-01-28 18:01:00,2,1,2000,89500.0,5.53432642258711,10.422191034897832
2026-01-29 02:31:00,2026-01-29 02:31:00,1,1,2000,88081.97,-2.590023687979448,-0.5101345730440521
2026-01-29 15:00:00,2026-01-29 15:00:00,1,1,2000,86668.29,5.397792502321863,18.540471397976432
2026-01-29 15:12:00,2026-01-29 15:12:00,1,1,2000,85566.48,-1.0640065891154293,11.077836532700225
2026-01-29 15:40:00,2026-01-29 15:40:00,1,1,2000,84680.0,-5.933975627329113,-5.933975627329113
2026-01-30 01:22:00,2026-01-30 01:22:00,1,1,2000,83500.0,12.371625481184534,16.483266694675702
2026-01-30 01:37:00,2026-01-30 01:37:00,1,1,2000,83215.07,-3.0467517649024334,-3.0467517649024334
2026-01-30 01:39:00,2026-01-30 01:43:00,5,4,8000,81118.0,-36.0751218861477,91.72296596824836
2026-01-30 01:45:00,2026-01-30 01:45:00,1,1,2000,81593.75,2.656477780251798,33.258867643197746
2026-01-30 02:16:00,2026-01-30 02:16:00,1,1,2000,81758.0,4.297486015409913,16.501292526491795
2026-01-31 14:26:00,2026-01-31 14:27:00,2,3,6000,81299.98,-5.465148599362868,22.76790165163689
2026-01-31 14:36:00,2026-01-31 14:36:00,1,1,2000,81183.89,3.829643935506777,8.895095499357186
2026-01-31 14:38:00,2026-01-31 14:38:00,1,1,2000,80825.76,5.973073576455157,43.51105369612584
2026-01-31 16:16:00,2026-01-31 16:17:00,2,1,2000,80500.0,6.51132255578446,69.8449335442497
2026-01-31 16:47:00,2026-01-31 16:47:00,1,2,4000,80227.02,-19.717868547990403,-12.435535355024285
2026-01-31 17:08:00,2026-01-31 17:08:00,1,3,6000,79402.72,-20.962473969989848,-20.962473969989848
2026-01-31 17:10:00,2026-01-31 17:12:00,3,3,6000,78159.9,-7.629910030919618,44.40172247484497
2026-01-31 17:14:00,2026-01-31 17:14:00,1,1,2000,78807.32,-2.4923420016231823,-2.4923420016231823
2026-01-31 17:20:00,2026-01-31 17:20:00,1,1,2000,78637.54,-2.0577027289525596,23.59183433628509
2026-01-31 17:33:00,2026-01-31 17:33:00,1,1,2000,78506.66,-8.19049439646724,-8.19049439646724
2026-01-31 18:37:00,2026-01-31 18:38:00,2,2,4000,77446.97,-1.188863057971501,26.322378507774857
2026-01-31 18:40:00,2026-01-31 18:40:00,1,1,2000,77166.11,-2.9938604236379174,-0.20131039020654384
2026-01-31 18:43:00,2026-01-31 18:44:00,2,5,10000,75719.9,-92.95511304990178,210.84787915698345
2026-01-31 19:01:00,2026-01-31 19:01:00,1,1,2000,77794.21,-6.582310876656061,4.427120936218998
2026-02-01 15:16:00,2026-02-01 15:16:00,1,1,2000,77347.8,6.683537171643383,6.683537171643383
2026-02-01 15:25:00,2026-02-01 15:25:00,1,1,2000,77089.99,-0.19875169184557784,2.7039546009488546
2026-02-01 21:45:00,2026-02-01 21:45:00,1,1,2000,76453.44,-2.6916780555985564,9.30719323871898
2026-02-01 23:05:00,2026-02-01 23:06:00,2,2,4000,76131.01,-9.660682562913081,-1.059533285187042
2026-02-01 23:27:00,2026-02-01 23:28:00,2,1,2000,76367.9,20.328558609137293,28.44698462016515
2026-02-01 23:37:00,2026-02-01 23:37:00,1,1,2000,77051.93,26.604970391661542,42.32154635374297
2026-02-02 03:18:00,2026-02-02 03:18:00,1,1,2000,75412.0,2.6516196309867013,2.6516196309867013
2026-02-02 03:21:00,2026-02-02 03:21:00,1,1,2000,75188.88,-5.950963902469075,5.8201165616322825
2026-02-02 03:34:00,2026-02-02 03:34:00,1,1,2000,74804.94,3.4687541207767403,8.766727520288509
2026-02-02 03:50:00,2026-02-02 03:50:00,1,1,2000,75554.77,1.1760522428350129,2.8023698266688157
2026-02-02 04:11:00,2026-02-02 04:11:00,1,1,2000,75500.0,0.02385602229759698,0.02385602229759698
2026-02-02 05:26:00,2026-02-02 05:26:00,1,1,2000,74986.59,5.437501510543452,5.437501510543452
2026-02-02 05:53:00,2026-02-02 05:53:00,1,1,2000,75240.44,3.494057861535005,6.2529902787678004
2026-02-02 06:09:00,2026-02-02 06:09:00,1,1,2000,75160.53,34.87366897569011,46.77330489290643
2026-02-02 06:25:00,2026-02-02 06:25:00,1,1,2000,75428.57,3.7766107242354074,6.39092518208928
2026-02-02 06:47:00,2026-02-02 06:47:00,1,1,2000,76300.62,3.711538074575582,3.711538074575582
2026-02-02 14:56:00,2026-02-02 14:56:00,1,1,2000,77906.01,-11.067279097385363,-3.6464079034514985
2026-02-03 14:36:00,2026-02-03 14:36:00,1,1,2000,77920.17,0.22458197775687694,7.503496531511278
2026-02-03 14:50:00,2026-02-03 14:50:00,1,1,2000,77747.23,2.023565788817905,3.8053066010013126
2026-02-03 16:34:00,2026-02-03 16:34:00,1,1,2000,76400.0,41.47264343532964,41.47264343532964
2026-02-03 18:07:00,2026-02-03 18:07:00,1,1,2000,74876.0,3.3462661991046083,3.3462661991046083
2026-02-03 18:21:00,2026-02-03 18:21:00,1,1,2000,74312.44,6.826109388227142,11.700283277791268
2026-02-03 18:25:00,2026-02-03 18:25:00,1,1,2000,74053.53,0.25807641993447206,6.888802901039437
2026-02-03 18:29:00,2026-02-03 18:30:00,2,1,2000,73798.79,25.12728274759679,49.65486438230471
2026-02-03 18:32:00,2026-02-03 18:32:00,1,1,2000,73730.0,17.334766739738328,17.4844401723262
2026-02-03 18:48:00,2026-02-03 18:48:00,1,1,2000,73275.59,-0.09015483046659334,2.563659174683597
2026-02-03 19:22:00,2026-02-03 19:22:00,1,1,2000,74730.89,-10.32311858530921,-9.606261179863074
2026-02-04 02:41:00,2026-02-04 02:41:00,1,1,2000,75707.41,3.701891196232765,8.783539706351817
2026-02-04 17:10:00,2026-02-04 17:10:00,1,1,2000,72824.56,2.754920256662352,2.798461087614168
2026-02-04 17:16:00,2026-02-04 17:16:00,1,1,2000,73413.75,-4.584918702883467,-2.0068822497609773
2026-02-04 21:44:00,2026-02-04 21:44:00,1,1,2000,72552.91,-5.843381045461671,1.2845880537826204
2026-02-05 01:21:00,2026-02-05 01:21:00,1,1,2000,72100.0,3.4765654164714554,3.4765654164714554
2026-02-05 01:40:00,2026-02-05 01:40:00,1,3,6000,72262.87,-8.870563528763364,-5.089043864450193
2026-02-05 02:48:00,2026-02-05 02:48:00,1,1,2000,71906.6,-1.4397144555189367,-1.4397144555189367
2026-02-05 02:59:00,2026-02-05 02:59:00,1,1,2000,71305.55,-1.901817201461764,16.398869525164894
2026-02-05 04:06:00,2026-02-05 04:06:00,1,1,2000,70754.17,6.768691832828022,9.476622653343814
2026-02-05 05:22:00,2026-02-05 05:22:00,1,1,2000,70166.3,14.564068554621112,16.796521225910244
2026-02-05 06:47:00,2026-02-05 06:47:00,1,1,2000,70601.33,3.219775565250771,6.319817365063596
2026-02-05 10:52:00,2026-02-05 10:52:00,1,1,2000,70765.86,6.777325785578547,13.800870115880937
2026-02-05 11:22:00,2026-02-05 11:22:00,1,2,4000,70152.0,-14.583905333938052,0.8541743603451835
2026-02-05 12:31:00,2026-02-05 12:31:00,1,1,2000,69434.16,1.475490375688615,13.830958024942941
2026-02-05 14:48:00,2026-02-05 14:48:00,1,1,2000,70264.7,3.187133055000402,3.187133055000402
2026-02-05 14:57:00,2026-02-05 14:57:00,1,1,2000,69370.17,2.7075916510366227,7.915442620727298
2026-02-05 15:05:00,2026-02-05 15:05:00,1,1,2000,68643.0,-8.450505209948167,-8.450505209948167
2026-02-05 15:10:00,2026-02-05 15:10:00,1,1,2000,68335.73,-5.739604508573359,-2.727844033756366
2026-02-05 15:18:00,2026-02-05 15:18:00,1,1,2000,68242.0,-7.661533621637906,-6.664199594446085
2026-02-05 15:20:00,2026-02-05 15:23:00,4,2,4000,67000.0,-12.673285932698342,10.751982785697223
2026-02-05 15:26:00,2026-02-05 15:26:00,1,1,2000,67322.5,8.582115198927376,8.582115198927376
2026-02-05 15:28:00,2026-02-05 15:29:00,2,1,2000,66818.0,-6.7467950875554905,4.37328787673108
2026-02-05 15:32:00,2026-02-05 15:32:00,1,2,4000,66720.15,-16.73366976283619,-6.7663036088350115
2026-02-05 15:45:00,2026-02-05 15:45:00,1,1,2000,67188.4,-2.398379126733463,-2.398379126733463
2026-02-05 15:53:00,2026-02-05 15:53:00,1,1,2000,67850.36,-6.274185475440008,-5.881644904414118
2026-02-05 15:56:00,2026-02-05 15:56:00,1,1,2000,67385.73,0.8539883605429566,8.521348028383002
2026-02-05 16:03:00,2026-02-05 16:03:00,1,1,2000,67316.47,-4.390263252300741,-3.6904617926147854
2026-02-05 16:32:00,2026-02-05 16:32:00,1,1,2000,67902.36,-3.721436491322949,-3.614102335485203
2026-02-05 16:56:00,2026-02-05 16:56:00,1,1,2000,68300.0,-2.110758664776169,5.086522110997471
2026-02-05 17:20:00,2026-02-05 17:20:00,1,2,4000,66462.0,-6.891990810206083,7.176414435667855
2026-02-05 17:31:00,2026-02-05 17:31:00,1,4,8000,66533.97,-18.414465114520162,-18.414465114520162
2026-02-05 17:48:00,2026-02-05 17:48:00,1,1,2000,66792.61,-4.535530919976827,-4.535530919976827
2026-02-05 18:16:00,2026-02-05 18:16:00,1,1,2000,66101.0,-13.271984870498743,-11.635033176728982
2026-02-05 18:25:00,2026-02-05 18:25:00,1,1,2000,65744.99,-1.211515838046573,-0.8542884547169116
2026-02-05 18:32:00,2026-02-05 18:32:00,1,1,2000,65519.9,4.874136542274421,4.874136542274421
2026-02-05 19:25:00,2026-02-05 19:25:00,1,1,2000,65671.98,-1.368976789245524,1.6904647145921103
2026-02-05 19:32:00,2026-02-05 19:32:00,1,1,2000,65700.33,-5.823634073275352,-5.823634073275352
2026-02-05 20:15:00,2026-02-05 20:17:00,3,3,6000,64048.0,-17.459105503759844,58.80454895655474
2026-02-05 20:19:00,2026-02-05 20:19:00,1,1,2000,64201.53,7.103982296499112,10.714602923556082
2026-02-05 20:21:00,2026-02-05 20:22:00,2,3,6000,63555.0,-10.772040241059377,6.967541136877475
2026-02-05 20:25:00,2026-02-05 20:25:00,1,4,8000,63373.0,-33.74925613178314,-16.29888577627692
2026-02-05 20:29:00,2026-02-05 20:29:00,1,1,2000,63840.79,-2.865718986644339,0.6892376816614032
2026-02-05 20:31:00,2026-02-05 20:31:00,1,1,2000,63542.8,6.399351034915846,6.399351034915846
2026-02-05 20:36:00,2026-02-05 20:36:00,1,3,6000,63147.9,-26.184279687661018,26.34778071647359
2026-02-05 20:38:00,2026-02-05 20:38:00,1,2,4000,63386.99,3.4577521808398792,35.86105568895937
2026-02-05 20:41:00,2026-02-05 20:42:00,2,1,2000,63560.0,-6.263712206618921,13.509131738560498
2026-02-05 20:46:00,2026-02-05 20:46:00,1,1,2000,63486.78,-0.1439302654782093,6.068572971347219
2026-02-05 20:52:00,2026-02-05 20:52:00,1,2,4000,62759.62,-7.1776020942582175,-7.1776020942582175
2026-02-05 21:01:00,2026-02-05 21:01:00,1,3,6000,63736.59,-27.196348185397625,-12.497230541501647
2026-02-05 21:06:00,2026-02-05 21:06:00,1,1,2000,64128.13,-6.580120313252058,-6.580120313252058
2026-02-05 21:11:00,2026-02-05 21:11:00,1,1,2000,63491.07,4.0441569883631345,11.497377059774827
2026-02-05 21:17:00,2026-02-05 21:17:00,1,1,2000,63202.46,-7.134112424483918,-6.821898055376918
2026-02-05 21:19:00,2026-02-05 21:19:00,1,1,2000,62925.57,4.3313160392211,7.294946655846957
2026-02-05 21:32:00,2026-02-05 21:32:00,1,1,2000,63828.28,0.1336949743913074,12.26831124282457
2026-02-05 21:34:00,2026-02-05 21:34:00,1,1,2000,63479.9,-2.0916029287687543,1.2892530062202923
2026-02-05 21:43:00,2026-02-05 21:43:00,1,1,2000,63761.85,-8.708523503192511,-8.708523503192511
2026-02-05 21:52:00,2026-02-05 21:52:00,1,1,2000,63177.52,-1.6637506521310907,-1.0535499379082935
2026-02-05 21:56:00,2026-02-05 21:56:00,1,1,2000,63030.97,-3.268459388485745,-1.8663562747645024
2026-02-05 22:08:00,2026-02-05 22:08:00,1,1,2000,62711.36,-9.820183242896796,76.93607062285946
2026-02-05 22:17:00,2026-02-05 22:17:00,1,2,4000,62780.0,-11.45186052894931,-8.192426772659633
2026-02-05 22:31:00,2026-02-05 22:31:00,1,1,2000,63806.28,-7.778174842768548,-7.778174842768548
2026-02-05 22:33:00,2026-02-05 22:33:00,1,1,2000,63695.72,0.02117516731292568,13.595534945469723
2026-02-05 22:55:00,2026-02-05 22:55:00,1,2,4000,64040.89,-5.437143179430892,0.38242168961089007
2026-02-05 23:05:00,2026-02-05 23:05:00,1,1,2000,64475.0,3.0052923659495967,7.874388212143479
2026-02-05 23:35:00,2026-02-05 23:35:00,1,2,4000,63571.42,-9.156536753979205,-2.6880709229182287
2026-02-05 23:52:00,2026-02-05 23:52:00,1,1,2000,62859.9,-1.7949108303083605,12.010577859340454
2026-02-05 23:58:00,2026-02-05 23:58:00,1,1,2000,62717.48,1.4196128980992206,11.984396713733414
2026-02-06 00:01:00,2026-02-06 00:05:00,5,3,6000,61788.0,-19.191879922475508,84.25462585348819
2026-02-06 00:08:00,2026-02-06 00:10:00,3,3,6000,61050.0,-31.97117338337052,50.8462484566774
2026-02-06 00:13:00,2026-02-06 00:15:00,3,4,8000,60060.0,-24.663327095039158,49.33763841007188
2026-02-06 00:18:00,2026-02-06 00:19:00,2,3,6000,60000.0,-26.130705853533165,19.81865639121283
2026-02-06 00:28:00,2026-02-06 00:28:00,1,1,2000,61353.89,-6.3368947464714775,4.174064901418806
2026-02-06 00:40:00,2026-02-06 00:40:00,1,2,4000,62782.13,-14.107315594753533,-8.295078301758796
2026-02-06 00:46:00,2026-02-06 00:47:00,2,1,2000,62755.89,-12.009537648979274,-5.246512799129688
2026-02-06 00:55:00,2026-02-06 00:55:00,1,1,2000,63500.0,-8.589935977921792,-8.589935977921792
2026-02-06 01:12:00,2026-02-06 01:12:00,1,1,2000,64402.11,-7.052502921494064,-6.527450679074676
2026-02-06 01:16:00,2026-02-06 01:16:00,1,1,2000,64018.32,-17.69994338519765,1.83036966024952
2026-02-06 01:18:00,2026-02-06 01:18:00,1,1,2000,64192.08,-0.5276050910985042,-0.05407804191448484
2026-02-06 01:37:00,2026-02-06 01:37:00,1,1,2000,64300.7,-1.7570704135816406,-1.7570704135816406
2026-02-06 02:03:00,2026-02-06 02:03:00,1,1,2000,65417.85,-3.54113242393983,-3.54113242393983
2026-02-06 02:12:00,2026-02-06 02:12:00,1,1,2000,64800.0,0.5925179603782915,0.5925179603782915
2026-02-06 02:19:00,2026-02-06 02:19:00,1,1,2000,64761.96,-9.22722028808498,-7.519361906731525
2026-02-06 02:23:00,2026-02-06 02:23:00,1,1,2000,64300.7,2.848856486590279,3.714844378026605
2026-02-06 05:55:00,2026-02-06 05:55:00,1,2,4000,66363.77,-13.947979259268939,-13.947979259268939
2026-02-06 06:44:00,2026-02-06 06:44:00,1,1,2000,64954.54,-0.5480050006101411,15.163930335282405
2026-02-06 07:49:00,2026-02-06 07:49:00,1,1,2000,64760.0,5.0867755296857275,5.0867755296857275
2026-02-06 09:36:00,2026-02-06 09:36:00,1,1,2000,65773.93,2.743293918621159,3.6185141175781865
2026-02-06 13:05:00,2026-02-06 13:05:00,1,1,2000,66569.9,5.038885684671701,6.3015379058706245
2026-02-06 14:32:00,2026-02-06 14:32:00,1,1,2000,67207.25,3.6401460030233146,42.091633356429185
2026-02-06 14:39:00,2026-02-06 14:39:00,1,1,2000,68033.06,4.373394154912891,4.373394154912891
2026-02-06 14:49:00,2026-02-06 14:49:00,1,1,2000,68166.16,3.2870004092422356,6.298944095806114
2026-02-06 14:55:00,2026-02-06 14:55:00,1,1,2000,68020.79,1.778633579470057,3.4936425308007557
2026-02-06 15:26:00,2026-02-06 15:26:00,1,1,2000,68111.07,-4.39835314698267,1.0092916554227394
2026-02-06 15:48:00,2026-02-06 15:48:00,1,1,2000,68833.64,-0.7256692746893112,4.7705472691550455
2026-02-06 15:50:00,2026-02-06 15:50:00,1,1,2000,68706.89,5.942716773859047,5.942716773859047
2026-02-06 16:57:00,2026-02-06 16:57:00,1,1,2000,69658.37,6.067126994229177,10.571607114586712
2026-02-06 17:00:00,2026-02-06 17:00:00,1,1,2000,69659.02,5.1799466991053755,5.1799466991053755
2026-02-06 17:35:00,2026-02-06 17:35:00,1,1,2000,70821.47,0.4738073057874992,0.4738073057874992
2026-02-06 17:49:00,2026-02-06 17:49:00,1,1,2000,70753.35,4.740735964616771,19.496709436568338
2026-02-06 17:53:00,2026-02-06 17:53:00,1,1,2000,70542.09,1.564441530772509,2.779016562171055
2026-02-06 18:06:00,2026-02-06 18:06:00,1,1,2000,70086.18,5.073677832772017,6.809289144216191
2026-02-06 20:38:00,2026-02-06 20:38:00,1,1,2000,70438.25,2.9003507303748677,2.9003507303748677
2026-02-06 22:13:00,2026-02-06 22:13:00,1,1,2000,70320.0,1.566468449809566,9.40099482717116
2026-02-06 23:18:00,2026-02-06 23:18:00,1,1,2000,70662.29,2.836679847693091,3.3802754010237024
2026-02-07 00:00:00,2026-02-07 00:00:00,1,1,2000,70261.0,1.8322906684842266,13.15346985855781
2026-02-07 05:25:00,2026-02-07 05:25:00,1,1,2000,70777.77,2.2036476028808316,14.414131820621456
2026-02-07 05:28:00,2026-02-07 05:28:00,1,1,2000,70394.07,0.10472501647651455,2.6314605613908526
2026-02-07 05:54:00,2026-02-07 05:54:00,1,1,2000,69800.0,22.948075469619855,22.948075469619855
2026-02-07 06:08:00,2026-02-07 06:08:00,1,2,4000,69852.03,27.087199056750055,27.119585194876894
2026-02-07 06:11:00,2026-02-07 06:11:00,1,1,2000,69902.39,16.573749124526582,23.641285533919643
2026-02-07 06:43:00,2026-02-07 06:43:00,1,1,2000,69933.98,13.819643316466124,13.819643316466124
2026-02-07 06:57:00,2026-02-07 06:57:00,1,1,2000,68905.42,2.1406410024793487,2.702816058930413
2026-02-07 07:12:00,2026-02-07 07:12:00,1,1,2000,68134.16,2.886463003433093,4.944900219812087
2026-02-07 07:15:00,2026-02-07 07:15:00,1,1,2000,67704.22,-0.3224666960766065,0.7834838074360917
2026-02-07 07:17:00,2026-02-07 07:17:00,1,1,2000,67350.0,-1.7392218492695566,-1.7392218492695566
2026-02-07 07:46:00,2026-02-07 07:47:00,2,5,10000,67300.0,25.08890883381243,53.24193979471037
2026-02-07 08:02:00,2026-02-07 08:02:00,1,1,2000,67747.65,5.220587963505885,10.826281133473614
2026-02-07 16:08:00,2026-02-07 16:09:00,2,2,4000,69201.3,-2.868640914061027,33.069182867047076
2026-02-07 16:17:00,2026-02-07 16:17:00,1,1,2000,69346.35,3.594412937479863,5.989558098280501
2026-02-08 10:21:00,2026-02-08 10:21:00,1,1,2000,70017.22,6.6909189876374064,10.38207269693281
2026-02-08 23:10:00,2026-02-08 23:10:00,1,2,4000,71454.72,-7.862250180900032,-0.625825672363467
2026-02-08 23:23:00,2026-02-08 23:24:00,2,2,4000,70342.88,-15.112035322917272,-1.539149307766552
2026-02-08 23:30:00,2026-02-08 23:30:00,1,2,4000,70128.0,-2.2802864562909697,9.409529884853995
2026-02-09 08:31:00,2026-02-09 08:31:00,1,1,2000,69667.02,-1.2510717121672066,-0.46186953304383493
2026-02-09 14:47:00,2026-02-09 14:47:00,1,1,2000,68959.31,2.564352661553748,8.453338753604545
2026-02-09 18:21:00,2026-02-09 18:21:00,1,1,2000,70177.23,1.0701350355168948,8.933806709381376
2026-02-10 14:37:00,2026-02-10 14:38:00,2,1,2000,68427.16,-1.3370812800939103,2.3954468934439532
2026-02-10 14:40:00,2026-02-10 14:41:00,2,2,4000,67800.0,-7.190356233061079,18.190151980834735
2026-02-11 04:23:00,2026-02-11 04:23:00,1,1,2000,67685.42,-5.562561983956105,-0.5697780007318798
2026-02-11 14:32:00,2026-02-11 14:32:00,1,1,2000,67900.05,-3.051045424927734,13.456342877944394
2026-02-11 14:34:00,2026-02-11 14:34:00,1,1,2000,67620.92,4.2140649881194925,9.788101215562062
2026-02-11 14:36:00,2026-02-11 14:36:00,1,1,2000,67281.91,1.5800354650186144,1.5800354650186144
2026-02-11 14:38:00,2026-02-11 14:38:00,1,1,2000,67188.94,2.5048125293136714,13.153276063637698
2026-02-11 15:12:00,2026-02-11 15:12:00,1,1,2000,65807.29,4.219378411747243,5.858453541027764
2026-02-11 15:26:00,2026-02-11 15:26:00,1,1,2000,65954.4,4.740034638763824,4.999709364836846
2026-02-11 23:20:00,2026-02-11 23:20:00,1,1,2000,67000.11,7.782884110298927,8.412375939483852
2026-02-12 15:04:00,2026-02-12 15:04:00,1,1,2000,67264.99,-3.357297685770977,-3.296120714245676
2026-02-12 16:05:00,2026-02-12 16:05:00,1,1,2000,66923.74,3.846383735401915,3.846383735401915
2026-02-12 16:07:00,2026-02-12 16:07:00,1,1,2000,66617.64,5.0181587508024705,14.092305591513199
2026-02-12 16:53:00,2026-02-12 16:53:00,1,1,2000,65588.0,-14.100564876146082,-13.762036019773216
2026-02-13 14:41:00,2026-02-13 14:41:00,1,1,2000,66884.0,3.6570690146575657,4.961308901820782
2026-02-13 14:50:00,2026-02-13 14:50:00,1,1,2000,67611.68,6.792465119986879,27.57677038528028
2026-02-14 13:17:00,2026-02-14 13:18:00,2,2,4000,69064.6,18.585080388375808,33.18826259984142
2026-02-14 13:21:00,2026-02-14 13:21:00,1,1,2000,69239.56,20.29329243058875,26.447613472881937
2026-02-14 13:23:00,2026-02-14 13:23:00,1,1,2000,69095.73,22.608114120690193,32.52760273505962
2026-02-15 04:02:00,2026-02-15 04:04:00,3,2,4000,69459.35,24.059421512974133,60.739640206943776
2026-02-15 13:29:00,2026-02-15 13:29:00,1,1,2000,69015.11,3.4600228215775353,3.4600228215775353
2026-02-15 17:45:00,2026-02-15 17:45:00,1,3,6000,68280.0,-8.344293609653386,23.81234451542147
2026-02-15 18:45:00,2026-02-15 18:45:00,1,1,2000,68405.69,14.815959324945283,14.861835333390694
2026-02-15 19:05:00,2026-02-15 19:05:00,1,1,2000,68025.85,11.894892860804251,11.894892860804251
2026-02-16 13:28:00,2026-02-16 13:28:00,1,1,2000,68520.07,-16.045586501736153,-13.591294610886262
2026-02-16 15:31:00,2026-02-16 15:32:00,2,2,4000,67445.6,-21.762257614372782,3.508637994158459
2026-02-17 14:32:00,2026-02-17 14:32:00,1,1,2000,67920.32,4.438945729834387,4.438945729834387
2026-02-17 14:38:00,2026-02-17 14:38:00,1,2,4000,67508.97,-12.44635876778255,-12.44635876778255
2026-02-17 14:50:00,2026-02-17 14:50:00,1,1,2000,66734.3,-7.744849493902528,2.8210788986959834
2026-02-18 16:03:00,2026-02-18 16:03:00,1,2,4000,67161.77,-8.676103463469698,-8.676103463469698
2026-02-18 18:42:00,2026-02-18 18:42:00,1,1,2000,66500.0,-4.539152061115992,-2.802328173462376
2026-02-18 21:03:00,2026-02-18 21:03:00,1,1,2000,66053.6,12.223325814748609,12.857525078182608
2026-02-20 13:38:00,2026-02-20 13:39:00,2,2,4000,66280.2,19.009175449107296,24.29433143199322
2026-02-20 13:55:00,2026-02-20 13:55:00,1,2,4000,66500.0,26.817807935317628,27.40258432265774
2026-02-20 13:57:00,2026-02-20 13:57:00,1,1,2000,66620.0,13.007275383123407,21.57422265836484
2026-02-20 14:19:00,2026-02-20 14:19:00,1,1,2000,66651.36,18.21054528529542,18.21054528529542
2026-02-20 15:02:00,2026-02-20 15:02:00,1,2,4000,67584.34,-10.116656038662297,-10.116656038662297
2026-02-20 15:16:00,2026-02-20 15:16:00,1,1,2000,66536.64,2.995539604402353,2.995539604402353
2026-02-20 17:47:00,2026-02-20 17:47:00,1,1,2000,66994.2,18.606531386233804,20.912669691737218
2026-02-20 18:35:00,2026-02-20 18:35:00,1,1,2000,67583.8,0.2263475231001344,2.034854463348612
2026-02-23 01:01:00,2026-02-23 01:01:00,1,1,2000,66282.0,-0.49834514067814695,1.454949373336234
2026-02-23 01:07:00,2026-02-23 01:07:00,1,1,2000,65849.6,-18.400404390812586,-11.52831115344144
2026-02-23 01:09:00,2026-02-23 01:10:00,2,1,2000,65264.16,-13.092843447058966,16.86170284010302
2026-02-23 01:46:00,2026-02-23 01:47:00,2,2,4000,64290.71,-19.65364313113671,66.32065731959402
2026-02-23 17:51:00,2026-02-23 17:51:00,1,1,2000,64180.23,5.092879751511514,5.566774386878137
2026-02-24 01:15:00,2026-02-24 01:16:00,2,4,8000,63508.4,-19.348873297020397,13.244545710888733
2026-02-24 01:39:00,2026-02-24 01:39:00,1,1,2000,64125.21,-1.9578106528028716,-1.533840768555006
2026-02-24 03:03:00,2026-02-24 03:03:00,1,1,2000,63604.43,3.2194171164290353,8.480953707608041
2026-02-24 05:24:00,2026-02-24 05:24:00,1,1,2000,62700.8,5.011723353245401,5.011723353245401
2026-02-24 13:32:00,2026-02-24 13:32:00,1,2,4000,62510.28,10.855388221036044,10.855388221036044
2026-02-25 21:37:00,2026-02-25 21:37:00,1,1,2000,69616.58,4.492469921812958,4.492469921812958
2026-02-25 22:40:00,2026-02-25 22:40:00,1,2,4000,68268.53,-1.5285585423485681,-0.7440717457563029
2026-02-25 22:50:00,2026-02-25 22:50:00,1,1,2000,68095.62,-9.26649731331497,-9.26649731331497
2026-02-26 14:30:00,2026-02-26 14:30:00,1,1,2000,67738.43,-10.239114201819888,-1.6892541658675153
2026-02-26 14:45:00,2026-02-26 14:45:00,1,1,2000,67413.33,-9.09849399978735,-9.09849399978735
2026-02-26 15:12:00,2026-02-26 15:12:00,1,1,2000,67249.7,0.11068426817084642,0.4441690711587398
2026-02-26 15:34:00,2026-02-26 15:34:00,1,1,2000,66761.16,1.8801350437058773,5.723942762607681
2026-02-26 16:50:00,2026-02-26 16:50:00,1,1,2000,66618.27,-12.443875302442509,-12.443875302442509
2026-02-27 09:45:00,2026-02-27 09:45:00,1,1,2000,67331.91,5.957010552839481,6.781141957383774
2026-02-27 22:34:00,2026-02-27 22:34:00,1,2,4000,64914.46,-19.238794490424873,-16.947982359437617
2026-02-28 06:17:00,2026-02-28 06:18:00,2,2,4000,64501.11,-18.723730058267662,14.92387415790608
2026-02-28 06:36:00,2026-02-28 06:36:00,1,2,4000,63607.5,-15.474368348911138,-2.7115643906927556
2026-02-28 06:50:00,2026-02-28 06:50:00,1,1,2000,63465.95,-3.706209219971335,10.436489121810055
2026-02-28 14:51:00,2026-02-28 14:51:00,1,1,2000,64446.68,-2.6025743620028408,-2.6025743620028408
2026-03-01 01:11:00,2026-03-01 01:11:00,1,1,2000,66184.61,-5.392042940961517,-3.597473211662816
2026-03-01 02:08:00,2026-03-01 02:08:00,1,1,2000,67755.8,2.3191078849338354,2.3191078849338354
2026-03-01 02:48:00,2026-03-01 02:48:00,1,1,2000,67774.34,-1.3208793026797672,-1.3208793026797672
2026-03-01 08:51:00,2026-03-01 08:51:00,1,1,2000,66598.37,6.357112873200954,6.357112873200954
2026-03-01 13:55:00,2026-03-01 13:55:00,1,1,2000,66887.5,3.3479139141245895,7.090042806776609
2026-03-01 16:47:00,2026-03-01 16:50:00,4,2,4000,65730.28,-3.8705306367137204,21.091677727258507
2026-03-01 17:17:00,2026-03-01 17:17:00,1,1,2000,65699.98,2.216703722124347,5.131732642134068
2026-03-01 22:34:00,2026-03-01 22:34:00,1,2,4000,65270.67,-15.769222995244414,-15.213906240573172
2026-03-02 02:06:00,2026-03-02 02:06:00,1,2,4000,66150.0,-6.288568316731302,-6.288568316731302
2026-03-02 02:10:00,2026-03-02 02:10:00,1,1,2000,65892.0,2.550438887825024,2.550438887825024
2026-03-02 04:35:00,2026-03-02 04:35:00,1,1,2000,66633.32,19.378419469571195,19.412044707740606
2026-03-02 09:23:00,2026-03-02 09:23:00,1,1,2000,66428.08,3.604165051298569,5.614461623286715
2026-03-02 15:53:00,2026-03-02 15:53:00,1,1,2000,68932.16,0.7540921148141422,0.7540921148141422
2026-03-02 17:43:00,2026-03-02 17:43:00,1,1,2000,68803.18,2.2389548917334245,3.914385380994201
2026-03-03 09:31:00,2026-03-03 09:31:00,1,1,2000,66340.14,5.177674411001032,5.303836854753108
2026-03-03 14:33:00,2026-03-03 14:33:00,1,1,2000,66810.89,-8.96924690817591,-3.93565623748926
2026-03-03 14:40:00,2026-03-03 14:40:00,1,1,2000,66758.0,7.055952510905961,7.600078174028191
2026-03-03 14:42:00,2026-03-03 14:42:00,1,1,2000,66471.42,-2.9199899510967686,-2.9199899510967686
2026-03-03 14:49:00,2026-03-03 14:49:00,1,1,2000,66158.0,-2.8316262053995622,13.523526659444673
2026-03-03 16:38:00,2026-03-03 16:38:00,1,1,2000,67796.66,-8.981127304398262,-4.527029189420606
2026-03-03 16:42:00,2026-03-03 16:42:00,1,1,2000,67529.15,3.4013517900088885,13.900603950449675
2026-03-04 09:07:00,2026-03-04 09:07:00,1,1,2000,70870.01,-0.0062109085074979475,-0.0062109085074979475
2026-03-04 14:35:00,2026-03-04 14:36:00,2,1,2000,71753.22,-4.20073159482226,2.4479964754586803
2026-03-04 17:17:00,2026-03-04 17:17:00,1,1,2000,73422.9,1.5916772624824382,1.5916772624824382
2026-03-04 18:10:00,2026-03-04 18:10:00,1,1,2000,72964.93,-4.2814574808747174,-2.748183938129367
2026-03-05 14:39:00,2026-03-05 14:39:00,1,2,4000,72153.39,-12.3706612891894,-7.877589638088933
2026-03-05 23:33:00,2026-03-05 23:33:00,1,1,2000,70811.44,18.612316702022458,20.45786916936354
2026-03-06 04:40:00,2026-03-06 04:40:00,1,1,2000,70400.0,12.064325023752875,12.064325023752875
2026-03-06 13:30:00,2026-03-06 13:30:00,1,1,2000,69750.0,6.268496537242818,21.496411072874366
2026-03-06 13:55:00,2026-03-06 13:55:00,1,3,6000,69387.89,-2.1039987252247094,-2.1039987252247094
2026-03-06 14:00:00,2026-03-06 14:00:00,1,1,2000,68894.17,-5.246688604122474,-4.876318237700961
2026-03-06 14:09:00,2026-03-06 14:09:00,1,1,2000,68654.18,5.198174203009387,5.198174203009387
2026-03-06 14:35:00,2026-03-06 14:35:00,1,1,2000,68600.0,3.0146020994892275,9.98590369765573
2026-03-08 22:00:00,2026-03-08 22:00:00,1,1,2000,66729.67,3.571779864914859,3.9846431763801426
2026-03-08 22:03:00,2026-03-08 22:04:00,2,4,8000,65741.28,-12.080481017587852,0.27299616949694183
2026-03-08 22:12:00,2026-03-08 22:12:00,1,1,2000,65684.77,-1.7878507824931056,-1.7878507824931056
2026-03-09 03:20:00,2026-03-09 03:20:00,1,1,2000,67301.28,-4.959364976667713,-4.959364976667713
2026-03-09 21:40:00,2026-03-09 21:40:00,1,1,2000,68660.94,3.6261644341228916,14.274600305737017
2026-03-10 14:01:00,2026-03-10 14:01:00,1,1,2000,69610.9,3.361604548008934,4.474121332587178
2026-03-10 15:05:00,2026-03-10 15:06:00,2,1,2000,71148.28,-2.0204706231530256,5.279125826251896
2026-03-10 15:34:00,2026-03-10 15:34:00,1,1,2000,71218.0,-4.7288241794063435,-2.621983360194813
2026-03-11 05:42:00,2026-03-11 05:42:00,1,1,2000,69420.0,1.4673557152367067,2.4398208714826453
2026-03-11 13:51:00,2026-03-11 13:51:00,1,1,2000,69960.79,3.654904344811971,6.570008977009323
2026-03-11 15:30:00,2026-03-11 15:30:00,1,1,2000,69924.02,0.5884775576348034,1.9116684735953626
2026-03-11 17:36:00,2026-03-11 17:36:00,1,1,2000,70719.49,-0.29974449215708354,-0.29974449215708354
2026-03-13 14:43:00,2026-03-13 14:43:00,1,1,2000,72963.51,-4.018086147884459,-4.018086147884459
2026-03-13 15:02:00,2026-03-13 15:02:00,1,1,2000,72168.0,-1.6762597366482002,0.2249578927049356
2026-03-16 04:55:00,2026-03-16 04:55:00,1,1,2000,73942.27,-16.56892816852773,-16.56892816852773
2026-03-16 14:30:00,2026-03-16 14:30:00,1,1,2000,73269.0,-8.941308118299851,-7.296984979462406
2026-03-16 21:05:00,2026-03-16 21:05:00,1,1,2000,74151.18,0.10991412471073048,3.764019331535806
2026-03-17 10:06:00,2026-03-17 10:06:00,1,1,2000,73560.98,5.376290457856925,14.68464713044959
2026-03-18 11:30:00,2026-03-18 11:30:00,1,1,2000,73202.44,-8.519173114729384,-8.355232563589388
2026-03-18 12:30:00,2026-03-18 12:30:00,1,1,2000,72500.0,1.9426382355813843,1.9426382355813843
2026-03-19 04:07:00,2026-03-19 04:07:00,1,1,2000,70738.2,9.629203346277482,11.18087869381501
2026-03-20 13:31:00,2026-03-20 13:31:00,1,1,2000,70074.87,0.7793827300739409,3.326499430513774
2026-03-21 23:51:00,2026-03-21 23:52:00,2,2,4000,68924.0,-11.429098824007333,17.264028344126103
2026-03-21 23:57:00,2026-03-21 23:57:00,1,1,2000,68571.42,-0.20376621494344604,5.137912599926242
2026-03-22 00:01:00,2026-03-22 00:01:00,1,2,4000,68311.0,-9.566125780552381,-4.71147439352726
2026-03-22 21:05:00,2026-03-22 21:05:00,1,3,6000,67552.03,-10.119404219574024,2.26114370345476
2026-03-23 06:42:00,2026-03-23 06:42:00,1,1,2000,67790.64,-4.87769898769197,-4.422204149168163
2026-03-23 11:10:00,2026-03-23 11:10:00,1,1,2000,70842.44,-0.7218105492023952,3.296819040410348
2026-03-23 11:14:00,2026-03-23 11:14:00,1,1,2000,70876.11,-7.355650992640905,-3.703664073896329
2026-03-23 11:23:00,2026-03-23 11:23:00,1,1,2000,70452.95,4.320726989932577,4.320726989932577
2026-03-23 11:47:00,2026-03-23 11:47:00,1,1,2000,70108.0,6.962431153705317,6.962431153705317
2026-03-23 11:55:00,2026-03-23 11:55:00,1,1,2000,70152.48,-5.529391272793838,-5.389232475614403
2026-03-23 12:01:00,2026-03-23 12:01:00,1,1,2000,69696.96,-7.799018788402501,6.608432283585763
2026-03-26 09:31:00,2026-03-26 09:31:00,1,1,2000,69589.86,-2.658604817923349,6.678584917045871
2026-03-26 15:15:00,2026-03-26 15:15:00,1,1,2000,68632.4,2.545052682929594,36.55464521930219
2026-03-26 17:57:00,2026-03-26 17:57:00,1,1,2000,68377.83,4.620155752781407,26.36018793244821
2026-03-27 08:35:00,2026-03-27 08:35:00,1,1,2000,67907.92,0.013491023296285931,0.7102689167703957
2026-03-27 10:37:00,2026-03-27 10:38:00,2,3,6000,66862.06,-16.152421302371156,13.742580444124908
2026-03-27 10:55:00,2026-03-27 10:55:00,1,1,2000,66326.38,-3.2337714961105934,12.615833103259977
2026-03-27 15:24:00,2026-03-27 15:24:00,1,1,2000,66142.63,-0.7410264675022926,11.233966781460936
2026-03-29 22:41:00,2026-03-29 22:41:00,1,1,2000,65825.02,-12.317544507629563,-12.317544507629563
2026-03-29 22:45:00,2026-03-29 22:45:00,1,3,6000,65050.0,-25.1212146766322,-2.769092301802001
2026-03-31 14:51:00,2026-03-31 14:51:00,1,2,4000,66517.61,-3.1160317375222846,-3.1160317375222846
2026-04-01 13:43:00,2026-04-01 13:43:00,1,1,2000,67918.83,9.413302925329603,14.648287803722404
2026-04-02 01:05:00,2026-04-02 01:05:00,1,2,4000,67638.74,-13.78424328678185,0.10878871272268498
2026-04-02 01:22:00,2026-04-02 01:22:00,1,1,2000,67313.97,3.282332922840414,3.326916203825192
2026-04-02 08:59:00,2026-04-02 08:59:00,1,1,2000,66180.0,36.15181760198594,37.518482631211384
2026-04-06 14:38:00,2026-04-06 14:38:00,1,1,2000,69353.47,-10.6641249895012,-5.78508974871661
2026-04-06 23:07:00,2026-04-06 23:07:00,1,1,2000,68300.0,6.369493666633641,15.84281890398831
2026-04-07 22:38:00,2026-04-07 22:38:00,1,1,2000,70954.95,5.25513625285301,6.222330388008235
2026-04-09 15:38:00,2026-04-09 15:38:00,1,1,2000,71862.21,-0.9372296845500117,0.3992481366243972
2026-04-10 14:42:00,2026-04-10 14:42:00,1,1,2000,72750.05,21.446519105181583,21.446519105181583
2026-04-12 01:35:00,2026-04-12 01:35:00,1,2,4000,72188.88,-11.597095245755584,-7.195562803176125
2026-04-12 01:41:00,2026-04-12 01:41:00,1,1,2000,71874.39,7.578937923076179,7.578937923076179
2026-04-12 01:43:00,2026-04-12 01:43:00,1,1,2000,71555.0,-8.189535749093535,-4.641137096687009
2026-04-12 12:52:00,2026-04-12 12:52:00,1,1,2000,71100.0,1.7224611144928126,1.7224611144928126
2026-04-12 22:00:00,2026-04-12 22:00:00,1,2,4000,70922.0,1.415189910700665,1.415189910700665
2026-04-15 15:30:00,2026-04-15 15:30:00,1,1,2000,73700.0,1.969304102296121,1.969304102296121
2026-04-16 13:52:00,2026-04-16 13:52:00,1,1,2000,73893.51,-9.943755701390389,-9.943755701390389
2026-04-16 13:54:00,2026-04-16 13:54:00,1,1,2000,73400.5,3.2108078200865364,7.7880726784052
2026-04-17 09:30:00,2026-04-17 09:30:00,1,1,2000,75928.03,-2.087323379232897,-1.5352957423298008
2026-04-17 10:28:00,2026-04-17 10:28:00,1,1,2000,75252.96,-7.840301959016749,3.5648317041303557
2026-04-17 12:26:00,2026-04-17 12:26:00,1,1,2000,75635.02,1.925204038768502,1.925204038768502
2026-04-17 13:31:00,2026-04-17 13:31:00,1,1,2000,76130.42,4.685144068830027,5.244116529348197
2026-04-19 22:00:00,2026-04-19 22:00:00,1,1,2000,74044.53,-7.036214801101615,-5.4229560572061075
2026-04-20 14:51:00,2026-04-20 14:51:00,1,1,2000,74988.78,-4.4767989847360745,10.813200742973983
2026-04-23 10:05:00,2026-04-23 10:05:00,1,1,2000,77215.01,-5.834647287601413,10.844740551874121
2026-04-27 15:04:00,2026-04-27 15:04:00,1,1,2000,77305.71,-7.918196124743204,-3.135759475216826
2026-04-27 15:18:00,2026-04-27 15:18:00,1,1,2000,76900.0,-3.508152096799444,10.433882157561136
2026-04-29 12:14:00,2026-04-29 12:14:00,1,3,6000,76850.0,45.79135129474832,45.79135129474832
2026-04-29 18:08:00,2026-04-29 18:09:00,2,2,4000,75000.0,-12.727839498589688,2.8075349199796484
2026-04-30 02:30:00,2026-04-30 02:30:00,1,1,2000,75806.37,3.0099275258610447,3.0099275258610447
2026-05-01 04:28:00,2026-05-01 04:29:00,2,1,2000,76653.6,26.95187785337838,37.14199809534912
2026-05-01 15:50:00,2026-05-01 15:50:00,1,1,2000,78299.58,1.191777008708872,12.396496065227858
2026-05-04 01:56:00,2026-05-04 01:56:00,1,2,4000,78955.14,29.138701003692535,31.88699826165653
2026-05-04 15:19:00,2026-05-04 15:20:00,2,2,4000,79320.28,-3.3319534622788805,33.265731327911666
2026-05-17 23:40:00,2026-05-17 23:41:00,2,2,4000,76735.16,-11.578146921580323,6.005798681758545
2026-05-18 13:36:00,2026-05-18 13:36:00,1,1,2000,76868.35,1.9992968343585105,2.365473200769408
2026-05-22 18:45:00,2026-05-22 18:45:00,1,1,2000,76138.0,-7.8942879418786305,-7.8942879418786305
2026-05-22 19:30:00,2026-05-22 19:30:00,1,2,4000,75705.13,-12.417682849873435,-12.372446260371373
2026-05-23 07:50:00,2026-05-23 07:50:00,1,3,6000,74289.6,-29.019509765214615,-29.019509765214615
2026-05-27 21:40:00,2026-05-27 21:40:00,1,1,2000,74575.62,0.6496761273044882,12.726432672487409
2026-05-28 03:18:00,2026-05-28 03:18:00,1,2,4000,73500.0,-7.15466671533771,16.0259748896463
2026-05-28 04:02:00,2026-05-28 04:02:00,1,2,4000,72728.85,-8.527823540241952,-6.105325319221144
2026-05-29 18:52:00,2026-05-29 18:52:00,1,1,2000,73187.25,-0.7739990195343438,4.795310072660541
2026-06-01 09:52:00,2026-06-01 09:52:00,1,1,2000,72600.0,25.595688111785808,31.770780113389296
2026-06-02 14:27:00,2026-06-02 14:27:00,1,1,2000,67617.85,2.57486475434332,19.77174433619666
2026-06-02 19:33:00,2026-06-02 19:33:00,1,1,2000,66432.0,3.0724820581773393,15.462420136695965
2026-06-02 22:58:00,2026-06-02 22:58:00,1,1,2000,66326.21,2.8717469874806056,9.703015920925484
2026-06-03 20:55:00,2026-06-03 20:55:00,1,1,2000,64766.0,5.192574432035801,20.261974399073956
2026-06-04 00:29:00,2026-06-04 00:29:00,1,1,2000,63358.01,-9.219223493994733,-9.219223493994733
2026-06-04 00:37:00,2026-06-04 00:37:00,1,1,2000,63338.51,0.5264173554642149,2.0164379455445136
2026-06-04 02:03:00,2026-06-04 02:03:00,1,1,2000,61530.4,1.963399919771014,12.413690576351666
2026-06-04 02:15:00,2026-06-04 02:15:00,1,1,2000,62150.0,3.4756184306949933,12.87813359614809
2026-06-05 06:24:00,2026-06-05 06:24:00,1,1,2000,61126.01,0.5517212970529428,45.00333370294874
2026-06-05 12:31:00,2026-06-05 12:31:00,1,1,2000,61764.56,2.304603342657696,12.113966724942582
2026-06-05 13:49:00,2026-06-05 13:49:00,1,1,2000,61260.7,-4.595661976393162,-3.851466004166637
2026-06-05 14:11:00,2026-06-05 14:11:00,1,1,2000,60694.0,1.5750870228758984,5.491422344598984
2026-06-05 14:38:00,2026-06-05 14:38:00,1,1,2000,60894.83,0.5424268906217833,0.5424268906217833
2026-06-05 16:00:00,2026-06-05 16:00:00,1,1,2000,60188.0,0.2891014366901423,0.8346044518248164
2026-06-05 16:16:00,2026-06-05 16:16:00,1,1,2000,60750.0,-5.908557602716247,12.246833416535985
2026-06-05 16:23:00,2026-06-05 16:23:00,1,1,2000,61132.98,-5.214496787889766,-3.8844817270844434
2026-06-05 16:28:00,2026-06-05 16:28:00,1,1,2000,60964.69,1.5086456494528555,6.693637895078819
2026-06-05 17:11:00,2026-06-05 17:11:00,1,1,2000,60981.5,-3.6153730314891774,-3.6153730314891774
2026-06-05 18:51:00,2026-06-05 18:52:00,2,1,2000,59273.0,-10.793422493046156,8.522451460124536
2026-06-05 20:16:00,2026-06-05 20:16:00,1,1,2000,60752.0,-6.259932066130514,-6.259932066130514
2026-06-05 21:16:00,2026-06-05 21:16:00,1,1,2000,61691.99,1.7501518025886398,2.2070323935907687
2026-06-06 04:38:00,2026-06-06 04:38:00,1,1,2000,59514.71,3.297264486326057,17.131764171605113
2026-06-06 05:07:00,2026-06-06 05:07:00,1,1,2000,59762.0,-2.917815938042745,14.703421717443543
2026-06-06 10:30:00,2026-06-06 10:30:00,1,1,2000,60239.0,-3.7182476953645516,7.2256747885934836
2026-06-07 22:16:00,2026-06-07 22:16:00,1,1,2000,63429.99,0.12076410539796356,0.5785355656340307
2026-06-08 12:01:00,2026-06-08 12:01:00,1,1,2000,63292.0,-0.16205000381241952,1.1594669099102006
2026-06-08 12:14:00,2026-06-08 12:14:00,1,1,2000,62718.3,5.609739442449246,5.609739442449246
2026-06-09 00:28:00,2026-06-09 00:28:00,1,2,4000,62457.0,35.1583636212971,35.8681865040511
2026-06-09 16:38:00,2026-06-09 16:38:00,1,2,4000,60892.75,-8.34232157612358,-7.910665236570136
2026-06-10 11:03:00,2026-06-10 11:03:00,1,1,2000,61172.0,4.605909387651597,4.605909387651597
2026-06-10 21:50:00,2026-06-10 21:50:00,1,1,2000,61220.3,5.410534947571932,22.048738465241247
2026-06-15 19:18:00,2026-06-15 19:18:00,1,1,2000,66566.38,2.301957830195267,2.301957830195267
2026-06-17 14:47:00,2026-06-17 14:47:00,1,2,4000,64772.72,-5.150565494886905,2.590949697869327
2026-06-17 18:00:00,2026-06-17 18:00:00,1,4,8000,65414.0,-22.37974358565209,-20.382000760240658
2026-06-17 18:05:00,2026-06-17 18:05:00,1,2,4000,64800.0,-13.104154102672183,-6.548169262025061
2026-06-17 18:32:00,2026-06-17 18:32:00,1,1,2000,65272.74,0.8610931295294222,14.386428749073588
2026-06-17 18:58:00,2026-06-17 18:58:00,1,1,2000,65350.0,5.68784914521725,12.720126689336198
2026-06-17 19:29:00,2026-06-17 19:29:00,1,1,2000,64316.17,0.789667510410208,13.734533445586283
2026-06-19 03:15:00,2026-06-19 03:15:00,1,1,2000,62475.51,7.158758465524162,7.158758465524162
2026-06-20 17:35:00,2026-06-20 17:35:00,1,1,2000,63730.21,4.541953531145282,8.952422330676946
2026-06-22 03:01:00,2026-06-22 03:01:00,1,1,2000,63894.98,-1.0268259422008263,3.3378520187388183
2026-06-23 06:21:00,2026-06-23 06:21:00,1,1,2000,62607.97,5.69286546225678,9.745988847731368
2026-06-24 13:22:00,2026-06-24 13:22:00,1,1,2000,61776.01,-6.9048599966548,-6.9048599966548
2026-06-24 16:51:00,2026-06-24 16:51:00,1,2,4000,59622.0,-17.12661999508258,-15.217558375624218
2026-06-25 13:45:00,2026-06-25 13:46:00,2,1,2000,59650.0,5.446965132875903,5.628075760006901
2026-06-25 13:48:00,2026-06-25 13:48:00,1,2,4000,59330.41,-16.733318193599132,-14.47283631473173
2026-06-25 13:51:00,2026-06-25 13:51:00,1,1,2000,59159.0,-3.0570724747103206,2.329224226795823
2026-06-25 13:53:00,2026-06-25 13:53:00,1,2,4000,58843.2,-1.5759858680353123,-1.5759858680353123
2026-06-25 13:55:00,2026-06-25 13:55:00,1,1,2000,58500.0,-7.764986755136594,1.661827725039089
2026-06-25 13:57:00,2026-06-25 13:57:00,1,1,2000,58326.82,-4.397947254207724,-4.397947254207724
2026-06-25 14:16:00,2026-06-25 14:16:00,1,2,4000,58802.98,-21.576062985241286,-18.347550983297545
2026-06-25 16:11:00,2026-06-25 16:11:00,1,1,2000,59774.94,2.3934261922109457,2.3934261922109457
2026-06-25 16:30:00,2026-06-25 16:30:00,1,1,2000,59477.93,-0.8624796316381023,-0.8087740681561595
2026-06-26 02:12:00,2026-06-26 02:13:00,2,2,4000,58608.2,-2.3933482264071326,13.146052250694318
2026-06-26 02:16:00,2026-06-26 02:16:00,1,1,2000,58456.19,-7.823831554493177,13.251686011390706
2026-06-26 02:32:00,2026-06-26 02:32:00,1,1,2000,58750.0,2.976514324599666,4.708708689944441
2026-06-26 13:19:00,2026-06-26 13:19:00,1,1,2000,58500.1,-0.36630858030406444,26.30854270051497
2026-06-26 15:51:00,2026-06-26 15:51:00,1,1,2000,60144.82,0.6535512088023943,5.22547107294713
2026-06-29 12:38:00,2026-06-29 12:38:00,1,1,2000,59944.0,-0.9792859504220708,-0.9792859504220708
2026-07-01 01:12:00,2026-07-01 01:12:00,1,1,2000,57854.97,-3.1319182020306258,-3.1319182020306258
2026-07-01 22:25:00,2026-07-01 22:25:00,1,1,2000,60680.59,27.06762544946839,27.06762544946839
2026-07-02 16:27:00,2026-07-02 16:27:00,1,1,2000,61185.0,0.7157103715860202,2.575267981392848
2026-07-06 11:57:00,2026-07-06 11:57:00,1,1,2000,62661.35,2.033600793245327,2.033600793245327
2026-07-06 12:00:00,2026-07-06 12:00:00,1,1,2000,62200.0,1.1568388695759602,9.643129027097075
2026-07-07 14:35:00,2026-07-07 14:35:00,1,1,2000,62825.39,-11.265103005733135,-11.265103005733135
2026-07-08 01:36:00,2026-07-08 01:36:00,1,1,2000,63034.0,-5.971848246516531,-3.196597792453071
2026-07-10 12:14:00,2026-07-10 12:14:00,1,3,6000,63999.0,49.12660985253447,53.95326066269579
2026-07-10 14:32:00,2026-07-10 14:32:00,1,1,2000,63889.84,5.153493793050856,5.153493793050856
2026-07-11 15:37:00,2026-07-11 15:37:00,1,3,6000,63896.18,-5.76333064764567,23.481424706217613
2026-07-13 14:16:00,2026-07-13 14:16:00,1,1,2000,62101.0,-7.034325696858579,-1.72376384596995
2026-07-14 17:11:00,2026-07-14 17:11:00,1,1,2000,64231.77,-0.6676977722619437,15.042936218139236
2026-07-20 08:36:00,2026-07-20 08:37:00,2,5,10000,63100.0,30.855352765135624,49.08583454278581
2026-07-21 17:46:00,2026-07-21 17:46:00,1,2,4000,66052.63,11.84558422138382,11.84558422138382
2026-07-23 07:11:00,2026-07-23 07:11:00,1,1,2000,65379.0,-0.18512648745860893,2.564092482404412
2026-07-27 14:30:00,2026-07-27 14:30:00,1,1,2000,64599.39,6.684982773335069,6.684982773335069
2026-07-27 22:40:00,2026-07-27 22:40:00,1,1,2000,64150.0,-15.67852995627561,-11.393298635563598
2026-07-29 18:32:00,2026-07-29 18:32:00,1,1,2000,63758.0,2.857761347316856,18.62953338630735
2026-07-31 14:06:00,2026-07-31 14:06:00,1,1,2000,62607.06,-4.8478606072466235,-4.8478606072466235
2026-08-12 12:30:00,2026-08-12 12:30:00,1,1,2000,64132.44,4.818191197126787,8.815507109822818
2026-08-19 15:28:00,2026-08-19 15:30:00,3,3,6000,67800.0,-23.235220146295976,16.22027778449553
2026-08-19 19:14:00,2026-08-19 19:14:00,1,1,2000,68103.71,-2.2755285863229613,-1.5506206823145963
2026-08-19 21:48:00,2026-08-19 21:48:00,1,1,2000,69500.0,-2.8406453348317484,19.079782545048385
2026-08-20 13:30:00,2026-08-20 13:30:00,1,1,2000,71642.63,-3.8104658829318794,-0.49414352596310884
2026-08-20 13:36:00,2026-08-20 13:36:00,1,1,2000,71251.31,-4.932394819014974,-4.752987517959717
2026-08-21 02:33:00,2026-08-21 02:33:00,1,1,2000,74574.81,-15.182212328792577,-3.0028243209290206
2026-08-21 09:00:00,2026-08-21 09:01:00,2,3,6000,78220.0,-20.514694623401386,5.052986498861323
2026-08-21 09:03:00,2026-08-21 09:03:00,1,4,8000,77559.64,-17.406785256999235,8.924207971179321
2026-08-21 09:07:00,2026-08-21 09:07:00,1,1,2000,77251.0,-13.50739400635459,31.77026203858624
2026-08-21 09:15:00,2026-08-21 09:15:00,1,1,2000,77465.26,-10.241488411846245,6.015443703952794
2026-08-21 09:57:00,2026-08-21 09:57:00,1,1,2000,77577.01,-8.704205831561174,2.1691510320476226
2026-08-21 11:12:00,2026-08-21 11:12:00,1,1,2000,77360.01,-7.60873509622173,1.4098249804450624
2026-08-21 11:32:00,2026-08-21 11:32:00,1,2,4000,76718.86,-3.063438080948,8.48185740030205
2026-08-21 11:34:00,2026-08-21 11:34:00,1,1,2000,76411.38,0.998146591957294,5.306553943205117
2026-08-21 11:58:00,2026-08-21 11:58:00,1,1,2000,76516.57,16.33913358495498,20.75930960924177
2026-08-21 13:30:00,2026-08-21 13:30:00,1,1,2000,76763.83,5.789445178470132,18.7030496098739
2026-08-21 13:35:00,2026-08-21 13:35:00,1,1,2000,76255.61,8.549586396597864,8.982861996038594
2026-08-22 05:09:00,2026-08-22 05:11:00,3,5,10000,76500.0,-11.186125306568151,25.764232312737168
2026-08-22 05:16:00,2026-08-22 05:16:00,1,3,6000,76724.68,-20.70176524346823,1.401303961168221
2026-08-23 05:14:00,2026-08-23 05:14:00,1,2,4000,75810.01,-1.4697172252764457,-0.2200248787154191
2026-08-23 05:17:00,2026-08-23 05:17:00,1,1,2000,75545.67,7.835745580269116,29.211121112242555
2026-08-23 14:42:00,2026-08-23 14:42:00,1,2,4000,76818.0,-12.284768329149376,-10.860128035518057
2026-08-23 22:01:00,2026-08-23 22:01:00,1,1,2000,77579.99,-0.43263215672828537,15.683193317994615
2026-08-24 13:32:00,2026-08-24 13:32:00,1,1,2000,78673.49,5.729546542465602,5.729546542465602
2026-08-24 13:42:00,2026-08-24 13:42:00,1,1,2000,78216.0,3.677873474381421,5.03354119221644
2026-08-24 14:23:00,2026-08-24 14:23:00,1,1,2000,78961.53,-2.322158230121385,8.617020829688737
2026-08-24 15:43:00,2026-08-24 15:43:00,1,2,4000,79028.97,-4.878154194736251,-2.333724339415033
2026-08-25 07:49:00,2026-08-25 07:49:00,1,1,2000,79703.17,-6.463866066991342,5.128507718452635
2026-08-25 07:51:00,2026-08-25 07:51:00,1,1,2000,79369.17,-8.623671525329613,4.923971597321497
2026-08-25 21:07:00,2026-08-25 21:07:00,1,1,2000,77898.0,-0.2573584572462817,6.542498475530234
2026-08-26 12:30:00,2026-08-26 12:30:00,1,3,6000,77918.25,-23.03779964803132,7.512330495285102
2026-08-27 10:26:00,2026-08-27 10:26:00,1,1,2000,79342.0,-6.679306648187389,10.404510400485734
2026-08-28 14:01:00,2026-08-28 14:02:00,2,1,2000,78777.77,-7.037604203232739,14.945693300438823
2026-08-30 23:23:00,2026-08-30 23:23:00,1,2,4000,77812.21,-9.080072857616805,4.680819674840464
2026-09-01 13:06:00,2026-09-01 13:06:00,1,1,2000,77515.07,-0.29176544482756306,15.22233401418216
2026-09-04 12:30:00,2026-09-04 12:31:00,2,5,10000,79673.36,-47.44291575316861,8.775951321930986
2026-09-04 12:45:00,2026-09-04 12:45:00,1,1,2000,79388.38,0.7282103731509615,2.0604405895552347
